{"mean":{"confidence_interval":{"confidence_level":0.95,"lower_bound":-0.43664283659569697,"upper_bound":0.19169065036535637},"point_estimate":-0.18153038906861352,"standard_error":0.16191768767083484},"median":{"confidence_interval":{"confidence_level":0.95,"lower_bound":-0.0705259191256199,"upper_bound":-0.028971361492014625},"point_estimate":-0.0567675027624609,"standard_error":0.012064630071937794}}