{"mean":{"confidence_interval":{"confidence_level":0.95,"lower_bound":-0.849355383151854,"upper_bound":-0.5060056532838193},"point_estimate":-0.7411951160489295,"standard_error":0.08910131554652392},"median":{"confidence_interval":{"confidence_level":0.95,"lower_bound":-0.0651266347783458,"upper_bound":-0.029953995199346384},"point_estimate":-0.03976320964566793,"standard_error":0.009674040304742688}}