{"mean":{"confidence_interval":{"confidence_level":0.95,"lower_bound":-0.0032247706311725618,"upper_bound":0.023594895528976444},"point_estimate":0.009863704658303662,"standard_error":0.0068434690347838265},"median":{"confidence_interval":{"confidence_level":0.95,"lower_bound":-0.010190304150617502,"upper_bound":0.013917597262088188},"point_estimate":0.000286671542176542,"standard_error":0.006130004737659812}}