{"mean":{"confidence_interval":{"confidence_level":0.95,"lower_bound":-0.03318307743586584,"upper_bound":0.32974880610097174},"point_estimate":0.13849339541696293,"standard_error":0.09687442137957529},"median":{"confidence_interval":{"confidence_level":0.95,"lower_bound":-0.13608299222088605,"upper_bound":-0.08966421936156854},"point_estimate":-0.12140390001215873,"standard_error":0.012365664791656844}}