{"mean":{"confidence_interval":{"confidence_level":0.95,"lower_bound":-0.05026982987278969,"upper_bound":0.001364765940312356},"point_estimate":-0.025047057148348206,"standard_error":0.013197566118934393},"median":{"confidence_interval":{"confidence_level":0.95,"lower_bound":-0.07979469349079327,"upper_bound":-0.020294857558000423},"point_estimate":-0.04766917666583104,"standard_error":0.015479742739204211}}