{"mean":{"confidence_interval":{"confidence_level":0.95,"lower_bound":-0.16392117162145822,"upper_bound":0.5741029481900352},"point_estimate":0.14994747808318643,"standard_error":0.1884704908448852},"median":{"confidence_interval":{"confidence_level":0.95,"lower_bound":-0.018796924459273612,"upper_bound":0.016856317236333185},"point_estimate":-0.005805601056431575,"standard_error":0.009189914657445722}}