{"mean":{"confidence_interval":{"confidence_level":0.95,"lower_bound":-0.3137333569310664,"upper_bound":-0.004445289019215244},"point_estimate":-0.16429896335033822,"standard_error":0.07979359464241322},"median":{"confidence_interval":{"confidence_level":0.95,"lower_bound":-0.012237547492227163,"upper_bound":0.020691640505117403},"point_estimate":0.0052759157495001485,"standard_error":0.008692253636903718}}