{"mean":{"confidence_interval":{"confidence_level":0.95,"lower_bound":1991621.4068,"upper_bound":2047510.7522300004},"point_estimate":2017227.2756000003,"standard_error":14335.853431277985},"median":{"confidence_interval":{"confidence_level":0.95,"lower_bound":1962823.76,"upper_bound":1997480.08},"point_estimate":1987076.56,"standard_error":8871.689775957528},"median_abs_dev":{"confidence_interval":{"confidence_level":0.95,"lower_bound":46314.88127374643,"upper_bound":74367.25396861724},"point_estimate":58833.658931493774,"standard_error":7237.955443813123},"slope":null,"std_dev":{"confidence_interval":{"confidence_level":0.95,"lower_bound":85950.32976548291,"upper_bound":196413.40760038348},"point_estimate":144145.30906244958,"standard_error":28537.660687856576}}