{"mean":{"confidence_interval":{"confidence_level":0.95,"lower_bound":29680426915.42775,"upper_bound":30159444640.157},"point_estimate":29915170051.95,"standard_error":121711154.50434358},"median":{"confidence_interval":{"confidence_level":0.95,"lower_bound":29387467361.0,"upper_bound":29684707843.0},"point_estimate":29494012168.0,"standard_error":69038051.73266166},"median_abs_dev":{"confidence_interval":{"confidence_level":0.95,"lower_bound":599781340.4171526,"upper_bound":1025983304.4284552},"point_estimate":815758242.7942961,"standard_error":110835744.38757442},"slope":null,"std_dev":{"confidence_interval":{"confidence_level":0.95,"lower_bound":1019907446.3924813,"upper_bound":1396594808.4745772},"point_estimate":1225962000.0833437,"standard_error":95999179.67453589}}