{"mean":{"confidence_interval":{"confidence_level":0.95,"lower_bound":14857403596.25925,"upper_bound":15208693700.13325},"point_estimate":15027782845.39,"standard_error":89557549.7566784},"median":{"confidence_interval":{"confidence_level":0.95,"lower_bound":14683310573.0,"upper_bound":14900036844.0},"point_estimate":14762337205.5,"standard_error":55930599.99596734},"median_abs_dev":{"confidence_interval":{"confidence_level":0.95,"lower_bound":481478488.2842481,"upper_bound":869687328.3201635},"point_estimate":678629144.1989243,"standard_error":95305202.5674137},"slope":null,"std_dev":{"confidence_interval":{"confidence_level":0.95,"lower_bound":735158523.1661451,"upper_bound":1049647993.9538546},"point_estimate":898364610.4009053,"standard_error":80279642.91648841}}