{"mean":{"confidence_interval":{"confidence_level":0.95,"lower_bound":0.0014985712747564615,"upper_bound":0.049932341069005085},"point_estimate":0.024604892266928857,"standard_error":0.012536478259218511},"median":{"confidence_interval":{"confidence_level":0.95,"lower_bound":-0.02790548026816271,"upper_bound":0.010328914925481663},"point_estimate":-0.008862286343696901,"standard_error":0.010050188736920622}}