{"mean":{"confidence_interval":{"confidence_level":0.95,"lower_bound":82.3749175398159,"upper_bound":89.29651013819793},"point_estimate":85.82312103840196,"standard_error":1.7675652412897476},"median":{"confidence_interval":{"confidence_level":0.95,"lower_bound":86.64066236983392,"upper_bound":93.87678989474544},"point_estimate":90.7235795064595,"standard_error":2.0286170169145925}}