{"mean":{"confidence_interval":{"confidence_level":0.95,"lower_bound":10335958.327349994,"upper_bound":10478420.304599995},"point_estimate":10405431.195999999,"standard_error":36289.0318459862},"median":{"confidence_interval":{"confidence_level":0.95,"lower_bound":10328722.6,"upper_bound":10446845.2},"point_estimate":10391833.600000001,"standard_error":24151.450613982048},"median_abs_dev":{"confidence_interval":{"confidence_level":0.95,"lower_bound":177457.57994949818,"upper_bound":356770.1889860619},"point_estimate":260452.48865604374,"standard_error":43953.06248781558},"slope":null,"std_dev":{"confidence_interval":{"confidence_level":0.95,"lower_bound":278795.804343004,"upper_bound":449690.2707799475},"point_estimate":363519.7845809176,"standard_error":44094.208370928565}}