{"mean":{"confidence_interval":{"confidence_level":0.95,"lower_bound":460525578.78275,"upper_bound":467439023.28525},"point_estimate":464003748.64,"standard_error":1762975.8680666664},"median":{"confidence_interval":{"confidence_level":0.95,"lower_bound":459449617.5,"upper_bound":468054129.5},"point_estimate":463305769.5,"standard_error":2208375.721544615},"median_abs_dev":{"confidence_interval":{"confidence_level":0.95,"lower_bound":14056208.626252413,"upper_bound":23643814.229938388},"point_estimate":17342122.376015782,"standard_error":2558824.0182423997},"slope":null,"std_dev":{"confidence_interval":{"confidence_level":0.95,"lower_bound":15417858.464941734,"upper_bound":19820382.28254738},"point_estimate":17727195.05604116,"standard_error":1122607.574617844}}