{"mean":{"confidence_interval":{"confidence_level":0.95,"lower_bound":467313713.58375,"upper_bound":480455270.15674996},"point_estimate":473471634.23,"standard_error":3354280.2644498604},"median":{"confidence_interval":{"confidence_level":0.95,"lower_bound":463743871.0,"upper_bound":471688743.0},"point_estimate":468470880.5,"standard_error":1875583.6776148865},"median_abs_dev":{"confidence_interval":{"confidence_level":0.95,"lower_bound":12758577.102522487,"upper_bound":21111915.24438858},"point_estimate":17098548.250240088,"standard_error":2081304.5183507213},"slope":null,"std_dev":{"confidence_interval":{"confidence_level":0.95,"lower_bound":21571155.282064,"upper_bound":43204909.065611355},"point_estimate":33654747.67094137,"standard_error":5452743.855904268}}