{"mean":{"confidence_interval":{"confidence_level":0.95,"lower_bound":-0.019383831443990356,"upper_bound":0.004273911771566224},"point_estimate":-0.007551563392968252,"standard_error":0.00602561852832467},"median":{"confidence_interval":{"confidence_level":0.95,"lower_bound":-0.01012102828907091,"upper_bound":0.006870324117895121},"point_estimate":-0.0007338026772788497,"standard_error":0.004207125222224382}}