{"mean":{"confidence_interval":{"confidence_level":0.95,"lower_bound":-0.016793628011600465,"upper_bound":0.02695900737094274},"point_estimate":0.0035663484312844496,"standard_error":0.011091025349654051},"median":{"confidence_interval":{"confidence_level":0.95,"lower_bound":-0.00694084631795866,"upper_bound":0.011679173049629066},"point_estimate":0.0018543396069095053,"standard_error":0.0046708092506585735}}