{"mean":{"confidence_interval":{"confidence_level":0.95,"lower_bound":474670880.695,"upper_bound":487873105.1595},"point_estimate":480818857.88,"standard_error":3375848.5952080674},"median":{"confidence_interval":{"confidence_level":0.95,"lower_bound":471137078.0,"upper_bound":482746553.0},"point_estimate":475014638.5,"standard_error":3175191.5799452458},"median_abs_dev":{"confidence_interval":{"confidence_level":0.95,"lower_bound":14545167.484489158,"upper_bound":22492636.136975884},"point_estimate":19753215.409210324,"standard_error":2074963.8070013362},"slope":null,"std_dev":{"confidence_interval":{"confidence_level":0.95,"lower_bound":21384791.737309452,"upper_bound":43480299.89428869},"point_estimate":33786134.39551912,"standard_error":5553717.899571633}}