{"mean":{"confidence_interval":{"confidence_level":0.95,"lower_bound":466726194.26325,"upper_bound":487478151.22849995},"point_estimate":476671990.28,"standard_error":5283352.880311314},"median":{"confidence_interval":{"confidence_level":0.95,"lower_bound":451494845.0,"upper_bound":464253996.5},"point_estimate":457708645.0,"standard_error":3546409.471119077},"median_abs_dev":{"confidence_interval":{"confidence_level":0.95,"lower_bound":15771672.423496842,"upper_bound":29088587.020674348},"point_estimate":21818716.612440348,"standard_error":3572427.6935414984},"slope":null,"std_dev":{"confidence_interval":{"confidence_level":0.95,"lower_bound":41640883.66800218,"upper_bound":61844485.35613598},"point_estimate":53070418.62878426,"standard_error":5145383.217171588}}