{"mean":{"confidence_interval":{"confidence_level":0.95,"lower_bound":934623586.4940001,"upper_bound":943947307.50575},"point_estimate":939048231.59,"standard_error":2377645.646918086},"median":{"confidence_interval":{"confidence_level":0.95,"lower_bound":930476694.0,"upper_bound":939246505.0},"point_estimate":935411009.5,"standard_error":2466026.8692776184},"median_abs_dev":{"confidence_interval":{"confidence_level":0.95,"lower_bound":11849098.369136453,"upper_bound":21769240.76871872},"point_estimate":16924339.788132906,"standard_error":2511438.2171565667},"slope":null,"std_dev":{"confidence_interval":{"confidence_level":0.95,"lower_bound":17068873.358294036,"upper_bound":30795516.10347468},"point_estimate":23910912.99464669,"standard_error":3589355.6974758753}}