{"mean":{"confidence_interval":{"confidence_level":0.95,"lower_bound":2105504424.7235003,"upper_bound":2418866247.3615},"point_estimate":2256614901.57,"standard_error":80244715.6608434},"median":{"confidence_interval":{"confidence_level":0.95,"lower_bound":1916082126.0,"upper_bound":2057917724.0},"point_estimate":1978825298.0,"standard_error":41273500.741752565},"median_abs_dev":{"confidence_interval":{"confidence_level":0.95,"lower_bound":328102533.5956156,"upper_bound":762021460.8632147},"point_estimate":449596615.4548645,"standard_error":125996898.16734563},"slope":null,"std_dev":{"confidence_interval":{"confidence_level":0.95,"lower_bound":638722877.4695803,"upper_bound":961217572.58388},"point_estimate":803246200.7829771,"standard_error":82891273.9579951}}