{"mean":{"confidence_interval":{"confidence_level":0.95,"lower_bound":2595944875.86125,"upper_bound":2861297488.76525},"point_estimate":2726300192.05,"standard_error":67721629.08890475},"median":{"confidence_interval":{"confidence_level":0.95,"lower_bound":2610359816.0,"upper_bound":2777070886.0},"point_estimate":2663928979.0,"standard_error":37506017.002552114},"median_abs_dev":{"confidence_interval":{"confidence_level":0.95,"lower_bound":313540085.27795076,"upper_bound":787932908.0463946},"point_estimate":436662803.20828557,"standard_error":133920271.22511894},"slope":null,"std_dev":{"confidence_interval":{"confidence_level":0.95,"lower_bound":542933001.0932999,"upper_bound":814226873.2182888},"point_estimate":679375255.8506366,"standard_error":69917407.53390703}}