{"mean":{"confidence_interval":{"confidence_level":0.95,"lower_bound":-0.656118381674565,"upper_bound":-0.625727341292537},"point_estimate":-0.6410551179724129,"standard_error":0.007780796869119831},"median":{"confidence_interval":{"confidence_level":0.95,"lower_bound":-0.6356734702433465,"upper_bound":-0.6059089942914258},"point_estimate":-0.6200795716215193,"standard_error":0.007241664353942311}}