{"mean":{"confidence_interval":{"confidence_level":0.95,"lower_bound":2523997935.8995,"upper_bound":2725407940.90475},"point_estimate":2622064986.76,"standard_error":51531367.82964222},"median":{"confidence_interval":{"confidence_level":0.95,"lower_bound":2465349605.5,"upper_bound":2618646496.5},"point_estimate":2499574526.5,"standard_error":40866150.40516595},"median_abs_dev":{"confidence_interval":{"confidence_level":0.95,"lower_bound":398954037.46005,"upper_bound":628988677.7653188},"point_estimate":539241902.0314425,"standard_error":56116249.48343052},"slope":null,"std_dev":{"confidence_interval":{"confidence_level":0.95,"lower_bound":429750029.5415491,"upper_bound":591332242.7969962},"point_estimate":516247713.85136026,"standard_error":41236359.34756956}}