{"mean":{"confidence_interval":{"confidence_level":0.95,"lower_bound":2891462049.6617503,"upper_bound":3153179608.9995},"point_estimate":3017274962.93,"standard_error":66786456.66865401},"median":{"confidence_interval":{"confidence_level":0.95,"lower_bound":2693711925.0,"upper_bound":3010484330.0},"point_estimate":2866977713.0,"standard_error":67122003.16505772},"median_abs_dev":{"confidence_interval":{"confidence_level":0.95,"lower_bound":399667871.5410769,"upper_bound":700822739.7729492},"point_estimate":534569299.9241978,"standard_error":77447356.48737982},"slope":null,"std_dev":{"confidence_interval":{"confidence_level":0.95,"lower_bound":518985889.4108766,"upper_bound":834287608.5939686},"point_estimate":671524103.963356,"standard_error":82477898.61134017}}