{"mean":{"confidence_interval":{"confidence_level":0.95,"lower_bound":-0.36586653657887325,"upper_bound":0.5365426221292756},"point_estimate":-0.022760730541989682,"standard_error":0.23119770488841265},"median":{"confidence_interval":{"confidence_level":0.95,"lower_bound":-0.009089790147102317,"upper_bound":0.023533734674339613},"point_estimate":0.00826775589857931,"standard_error":0.007996594199512996}}