{"mean":{"confidence_interval":{"confidence_level":0.95,"lower_bound":-0.6736841627867982,"upper_bound":-0.2137826336558469},"point_estimate":-0.5116224978983293,"standard_error":0.11857020832159856},"median":{"confidence_interval":{"confidence_level":0.95,"lower_bound":-0.056906209999057156,"upper_bound":-0.005527476583716884},"point_estimate":-0.03378905115632014,"standard_error":0.01281408797033594}}