{"mean":{"confidence_interval":{"confidence_level":0.95,"lower_bound":2001015.6216000007,"upper_bound":2079857.4279},"point_estimate":2036144.574800001,"standard_error":20310.078346502654},"median":{"confidence_interval":{"confidence_level":0.95,"lower_bound":1985882.3399999999,"upper_bound":2005794.9},"point_estimate":1995306.88,"standard_error":5293.026097728448},"median_abs_dev":{"confidence_interval":{"confidence_level":0.95,"lower_bound":35526.06056928635,"upper_bound":65060.53582554461},"point_estimate":48557.3433859348,"standard_error":7529.834634699277},"slope":null,"std_dev":{"confidence_interval":{"confidence_level":0.95,"lower_bound":80418.6615716931,"upper_bound":296514.13853105175},"point_estimate":204090.84864010705,"standard_error":53961.307201436095}}