{"mean":{"confidence_interval":{"confidence_level":0.95,"lower_bound":4227585.936821428,"upper_bound":7830967.478249996},"point_estimate":5809552.944285716,"standard_error":931964.5125191842},"median":{"confidence_interval":{"confidence_level":0.95,"lower_bound":3619149.0,"upper_bound":3720249.7142857146},"point_estimate":3668500.0,"standard_error":25833.458883484884},"median_abs_dev":{"confidence_interval":{"confidence_level":0.95,"lower_bound":106687.80409091286,"upper_bound":192957.95087431144},"point_estimate":148715.7909597667,"standard_error":21515.922544833516},"slope":null,"std_dev":{"confidence_interval":{"confidence_level":0.95,"lower_bound":3354189.0266422643,"upper_bound":13464553.000810448},"point_estimate":9368168.517105365,"standard_error":2504069.2263062084}}