{"mean":{"confidence_interval":{"confidence_level":0.95,"lower_bound":3761672.7367708324,"upper_bound":4977435.360666664},"point_estimate":4278727.080833334,"standard_error":315007.9774785988},"median":{"confidence_interval":{"confidence_level":0.95,"lower_bound":3489030.25,"upper_bound":3594524.6666666665},"point_estimate":3524478.708333333,"standard_error":27235.242554219712},"median_abs_dev":{"confidence_interval":{"confidence_level":0.95,"lower_bound":137524.5527334509,"upper_bound":254892.72639974928},"point_estimate":161222.18361273373,"standard_error":32494.238517498467},"slope":null,"std_dev":{"confidence_interval":{"confidence_level":0.95,"lower_bound":991165.2136939345,"upper_bound":4945128.9136700295},"point_estimate":3167864.6453740173,"standard_error":1050787.627362059}}