{"mean":{"confidence_interval":{"confidence_level":0.95,"lower_bound":7584856.6812499985,"upper_bound":8548780.718535714},"point_estimate":7926586.645714283,"standard_error":288617.74417266063},"median":{"confidence_interval":{"confidence_level":0.95,"lower_bound":7518046.357142856,"upper_bound":7667680.714285715},"point_estimate":7598718.714285715,"standard_error":41180.58156449641},"median_abs_dev":{"confidence_interval":{"confidence_level":0.95,"lower_bound":234283.30714063926,"upper_bound":384204.33274150983},"point_estimate":312714.22244821297,"standard_error":37453.00831099491},"slope":null,"std_dev":{"confidence_interval":{"confidence_level":0.95,"lower_bound":308648.90575155726,"upper_bound":4935528.365655102},"point_estimate":2891175.7132326723,"standard_error":1647584.4563048924}}