{"mean":{"confidence_interval":{"confidence_level":0.95,"lower_bound":6965881.8156785695,"upper_bound":7054764.227857144},"point_estimate":7009376.360000003,"standard_error":22680.811000823975},"median":{"confidence_interval":{"confidence_level":0.95,"lower_bound":6910329.285714285,"upper_bound":7037586.142857143},"point_estimate":6953778.642857143,"standard_error":34287.53265073307},"median_abs_dev":{"confidence_interval":{"confidence_level":0.95,"lower_bound":176452.4830673414,"upper_bound":291151.71203102364},"point_estimate":240106.32443726063,"standard_error":29946.57020126766},"slope":null,"std_dev":{"confidence_interval":{"confidence_level":0.95,"lower_bound":193107.56076548225,"upper_bound":261945.54208857854},"point_estimate":228866.88751988296,"standard_error":17663.201964074226}}