{"mean":{"confidence_interval":{"confidence_level":0.95,"lower_bound":25788494131.00075,"upper_bound":26742462533.383247},"point_estimate":26209819983.94,"standard_error":245879010.2897311},"median":{"confidence_interval":{"confidence_level":0.95,"lower_bound":25521150343.0,"upper_bound":26002171866.5},"point_estimate":25803407468.5,"standard_error":119206434.0406584},"median_abs_dev":{"confidence_interval":{"confidence_level":0.95,"lower_bound":929469270.0556219,"upper_bound":1537348547.0661073},"point_estimate":1198048482.9486876,"standard_error":151525867.42627934},"slope":null,"std_dev":{"confidence_interval":{"confidence_level":0.95,"lower_bound":1139102247.0036788,"upper_bound":3641218278.9420414},"point_estimate":2465957726.572155,"standard_error":674476932.8205909}}