{"mean":{"confidence_interval":{"confidence_level":0.95,"lower_bound":-0.03875209489005571,"upper_bound":0.012786781077118576},"point_estimate":-0.01244127997238409,"standard_error":0.013094005460909944},"median":{"confidence_interval":{"confidence_level":0.95,"lower_bound":-0.05272904153359059,"upper_bound":0.025511187616193753},"point_estimate":-0.0059432500807586885,"standard_error":0.01843942748108873}}