{"mean":{"confidence_interval":{"confidence_level":0.95,"lower_bound":980098131.4165,"upper_bound":1123254195.5714998},"point_estimate":1048707063.38,"standard_error":36666367.46804356},"median":{"confidence_interval":{"confidence_level":0.95,"lower_bound":873267105.0,"upper_bound":897248840.0},"point_estimate":878700001.0,"standard_error":6351278.183535091},"median_abs_dev":{"confidence_interval":{"confidence_level":0.95,"lower_bound":67601394.90403533,"upper_bound":167903054.69093236},"point_estimate":125271121.67629302,"standard_error":22367816.141519357},"slope":null,"std_dev":{"confidence_interval":{"confidence_level":0.95,"lower_bound":295746580.9839511,"upper_bound":426581982.8666088},"point_estimate":368147115.4752718,"standard_error":33435232.825867873}}