{"mean":{"confidence_interval":{"confidence_level":0.95,"lower_bound":1397411518.39075,"upper_bound":1598300225.3265},"point_estimate":1493457882.02,"standard_error":51256844.03549514},"median":{"confidence_interval":{"confidence_level":0.95,"lower_bound":1242319728.5,"upper_bound":1453694313.0},"point_estimate":1291334283.5,"standard_error":51295405.64088907},"median_abs_dev":{"confidence_interval":{"confidence_level":0.95,"lower_bound":165170922.14665,"upper_bound":414102426.3372123},"point_estimate":266458664.23541307,"standard_error":62655280.01279489},"slope":null,"std_dev":{"confidence_interval":{"confidence_level":0.95,"lower_bound":390040664.9919057,"upper_bound":618453354.4797729},"point_estimate":511910401.6484886,"standard_error":58393377.87956734}}