{"mean":{"confidence_interval":{"confidence_level":0.95,"lower_bound":0.002725724325954193,"upper_bound":0.04565542070394666},"point_estimate":0.02140388810401217,"standard_error":0.011100935391308608},"median":{"confidence_interval":{"confidence_level":0.95,"lower_bound":0.006296843491735871,"upper_bound":0.025804449509172267},"point_estimate":0.01560974523777059,"standard_error":0.00502269697205711}}