{"mean":{"confidence_interval":{"confidence_level":0.95,"lower_bound":0.22348624253740382,"upper_bound":0.42490094936382256},"point_estimate":0.32011444899969366,"standard_error":0.05141244676520088},"median":{"confidence_interval":{"confidence_level":0.95,"lower_bound":0.33395933440653747,"upper_bound":0.4514003892144385},"point_estimate":0.38484824726597755,"standard_error":0.02843458250644484}}