{"mean":{"confidence_interval":{"confidence_level":0.95,"lower_bound":0.1906858996046399,"upper_bound":0.4085636420064454},"point_estimate":0.29861581236740276,"standard_error":0.05532190666069826},"median":{"confidence_interval":{"confidence_level":0.95,"lower_bound":0.12874569945773406,"upper_bound":0.21909416906444146},"point_estimate":0.1682919147213704,"standard_error":0.024557756938545474}}