{"mean":{"confidence_interval":{"confidence_level":0.95,"lower_bound":3091084.6178,"upper_bound":3188068.019633332},"point_estimate":3135805.558666668,"standard_error":24841.663215300323},"median":{"confidence_interval":{"confidence_level":0.95,"lower_bound":3050640.6,"upper_bound":3093235.1333333333},"point_estimate":3069677.2666666666,"standard_error":12518.675359270674},"median_abs_dev":{"confidence_interval":{"confidence_level":0.95,"lower_bound":65151.472083330475,"upper_bound":136327.24205970715},"point_estimate":106299.05755281457,"standard_error":18997.873526731673},"slope":null,"std_dev":{"confidence_interval":{"confidence_level":0.95,"lower_bound":153645.25563640668,"upper_bound":337180.68108231295},"point_estimate":249556.35929462797,"standard_error":47301.781294619206}}