{"mean":{"confidence_interval":{"confidence_level":0.95,"lower_bound":1297007.9907522474,"upper_bound":1322009.9105320445},"point_estimate":1309615.5652911926,"standard_error":6351.625043232135},"median":{"confidence_interval":{"confidence_level":0.95,"lower_bound":1310970.838614591,"upper_bound":1323982.7425595238},"point_estimate":1319390.3181818184,"standard_error":3585.121280079444},"median_abs_dev":{"confidence_interval":{"confidence_level":0.95,"lower_bound":20802.73615639765,"upper_bound":38115.69759389927},"point_estimate":26169.876931446815,"standard_error":4611.746855986664},"slope":{"confidence_interval":{"confidence_level":0.95,"lower_bound":1304929.0643441444,"upper_bound":1338636.9577394342},"point_estimate":1320496.4811408306,"standard_error":8606.696630650793},"std_dev":{"confidence_interval":{"confidence_level":0.95,"lower_bound":45426.33687000892,"upper_bound":79571.18927298515},"point_estimate":63625.68397321989,"standard_error":8700.38874679409}}