{"mean":{"confidence_interval":{"confidence_level":0.95,"lower_bound":15287394.215,"upper_bound":15636610.560250001},"point_estimate":15460824.31,"standard_error":88895.15643959506},"median":{"confidence_interval":{"confidence_level":0.95,"lower_bound":15257718.75,"upper_bound":15747583.0},"point_estimate":15515599.0,"standard_error":117739.41446658419},"median_abs_dev":{"confidence_interval":{"confidence_level":0.95,"lower_bound":670830.3421653807,"upper_bound":1016947.2534430771},"point_estimate":864700.3038235009,"standard_error":86709.36505368796},"slope":null,"std_dev":{"confidence_interval":{"confidence_level":0.95,"lower_bound":742850.7883223076,"upper_bound":1031098.3990884362},"point_estimate":891640.1182134298,"standard_error":73743.73845928069}}