{"mean":{"confidence_interval":{"confidence_level":0.95,"lower_bound":14866389.433999995,"upper_bound":20479995.733750004},"point_estimate":17402338.90333333,"standard_error":1440279.3322687708},"median":{"confidence_interval":{"confidence_level":0.95,"lower_bound":13275780.166666668,"upper_bound":13921736.333333334},"point_estimate":13497653.333333334,"standard_error":166992.96695275567},"median_abs_dev":{"confidence_interval":{"confidence_level":0.95,"lower_bound":1268670.1872766027,"upper_bound":2046677.156451715},"point_estimate":1743604.7802448254,"standard_error":196683.52154723005},"slope":null,"std_dev":{"confidence_interval":{"confidence_level":0.95,"lower_bound":7358430.98997239,"upper_bound":19905422.10659501},"point_estimate":14476100.127362497,"standard_error":3184978.7607557573}}