{"mean":{"confidence_interval":{"confidence_level":0.95,"lower_bound":0.1629220805425377,"upper_bound":0.2092971899716729},"point_estimate":0.18736867115344435,"standard_error":0.011774648911034614},"median":{"confidence_interval":{"confidence_level":0.95,"lower_bound":0.17301013318144798,"upper_bound":0.20332545514746436},"point_estimate":0.18472997787601342,"standard_error":0.007680772450193649}}