{"mean":{"confidence_interval":{"confidence_level":0.95,"lower_bound":0.07527926155884554,"upper_bound":0.11818454114795905},"point_estimate":0.09686309562114603,"standard_error":0.010970923203848158},"median":{"confidence_interval":{"confidence_level":0.95,"lower_bound":0.0823120928428319,"upper_bound":0.15156629163549695},"point_estimate":0.12045083956751101,"standard_error":0.017395357839788378}}