{"mean":{"confidence_interval":{"confidence_level":0.95,"lower_bound":2469233.9795,"upper_bound":3794267.4872968746},"point_estimate":3083903.250625,"standard_error":339370.3969618217},"median":{"confidence_interval":{"confidence_level":0.95,"lower_bound":1838511.9375,"upper_bound":1876832.84375},"point_estimate":1855353.78125,"standard_error":11976.586995085056},"median_abs_dev":{"confidence_interval":{"confidence_level":0.95,"lower_bound":95286.29954301765,"upper_bound":156322.93199971318},"point_estimate":126114.07724227756,"standard_error":16998.341939653732},"slope":null,"std_dev":{"confidence_interval":{"confidence_level":0.95,"lower_bound":2183616.7418826907,"upper_bound":4454473.970538028},"point_estimate":3427254.786660203,"standard_error":579506.0543487122}}