{"mean":{"confidence_interval":{"confidence_level":0.95,"lower_bound":0.09388704737832246,"upper_bound":0.12898795475229274},"point_estimate":0.11164339184315786,"standard_error":0.008793815483161773},"median":{"confidence_interval":{"confidence_level":0.95,"lower_bound":0.1155709377835965,"upper_bound":0.14198874906842263},"point_estimate":0.1308276424950865,"standard_error":0.006610661557484759}}