{"mean":{"confidence_interval":{"confidence_level":0.95,"lower_bound":-0.06444306064463112,"upper_bound":-0.038251996652062956},"point_estimate":-0.050734996228125495,"standard_error":0.0066377002568028},"median":{"confidence_interval":{"confidence_level":0.95,"lower_bound":-0.04928923767661619,"upper_bound":-0.030804123324674748},"point_estimate":-0.03989200682001803,"standard_error":0.0046929021517228406}}