{"mean":{"confidence_interval":{"confidence_level":0.95,"lower_bound":-0.029631930390229842,"upper_bound":0.01266788721436645},"point_estimate":-0.008705244922257438,"standard_error":0.010743150287205605},"median":{"confidence_interval":{"confidence_level":0.95,"lower_bound":-0.04068920361251324,"upper_bound":0.024041419219734017},"point_estimate":-0.01795817713668313,"standard_error":0.01625614436256693}}