{"mean":{"confidence_interval":{"confidence_level":0.95,"lower_bound":-0.006480637000572195,"upper_bound":0.016391545642184216},"point_estimate":0.004861916159370594,"standard_error":0.005886517251108548},"median":{"confidence_interval":{"confidence_level":0.95,"lower_bound":-0.004642065389641736,"upper_bound":0.01680272951961337},"point_estimate":0.006552927514323459,"standard_error":0.005495548154588308}}