{"mean":{"confidence_interval":{"confidence_level":0.95,"lower_bound":-0.020561094539000662,"upper_bound":0.0039648213040921745},"point_estimate":-0.00826964220474391,"standard_error":0.006269973279761071},"median":{"confidence_interval":{"confidence_level":0.95,"lower_bound":-0.017701146433689252,"upper_bound":0.009743912801359889},"point_estimate":-0.00533699350320338,"standard_error":0.007662299982082711}}