{"mean":{"confidence_interval":{"confidence_level":0.95,"lower_bound":8909454.001666663,"upper_bound":9207217.631708335},"point_estimate":9059759.484999998,"standard_error":75949.92600453537},"median":{"confidence_interval":{"confidence_level":0.95,"lower_bound":9097466.5,"upper_bound":9481905.333333334},"point_estimate":9349235.083333332,"standard_error":96521.63410868142},"median_abs_dev":{"confidence_interval":{"confidence_level":0.95,"lower_bound":432323.3106747265,"upper_bound":1070403.2047465453},"point_estimate":685716.325426104,"standard_error":166546.8301253223},"slope":null,"std_dev":{"confidence_interval":{"confidence_level":0.95,"lower_bound":683128.1378444656,"upper_bound":829837.5272673601},"point_estimate":762458.9443645196,"standard_error":37367.91094787821}}