{"mean":{"confidence_interval":{"confidence_level":0.95,"lower_bound":8935449.006083332,"upper_bound":9269529.039249996},"point_estimate":9104594.464999998,"standard_error":85402.75568449446},"median":{"confidence_interval":{"confidence_level":0.95,"lower_bound":8960197.833333334,"upper_bound":9567693.5},"point_estimate":9400104.75,"standard_error":168018.08396817435},"median_abs_dev":{"confidence_interval":{"confidence_level":0.95,"lower_bound":652124.9342724681,"upper_bound":1230293.3340579264},"point_estimate":918154.2721495042,"standard_error":140858.6886924626},"slope":null,"std_dev":{"confidence_interval":{"confidence_level":0.95,"lower_bound":769192.4028750033,"upper_bound":926272.008699391},"point_estimate":854672.5607305232,"standard_error":39934.82026190513}}