{"mean":{"confidence_interval":{"confidence_level":0.95,"lower_bound":-0.024293861365950936,"upper_bound":0.016045907352828338},"point_estimate":-0.0032334609488590127,"standard_error":0.010319026848552848},"median":{"confidence_interval":{"confidence_level":0.95,"lower_bound":-0.018804025294968496,"upper_bound":0.03220121190346337},"point_estimate":0.0028454224287663976,"standard_error":0.012570637158288527}}