{"mean":{"confidence_interval":{"confidence_level":0.95,"lower_bound":-0.0062338909844018575,"upper_bound":0.015571676807715342},"point_estimate":0.0044834283628238936,"standard_error":0.005560957215362819},"median":{"confidence_interval":{"confidence_level":0.95,"lower_bound":0.0021997408113734185,"upper_bound":0.021132074658073593},"point_estimate":0.01360093398696316,"standard_error":0.0049607530259243166}}