{"mean":{"confidence_interval":{"confidence_level":0.95,"lower_bound":-0.036919409529073986,"upper_bound":0.0043308767475626715},"point_estimate":-0.017267520698824756,"standard_error":0.010468855365825412},"median":{"confidence_interval":{"confidence_level":0.95,"lower_bound":-0.026009393778057444,"upper_bound":-0.008062053158939597},"point_estimate":-0.016128042660589093,"standard_error":0.0047424732442776585}}