{"mean":{"confidence_interval":{"confidence_level":0.95,"lower_bound":-0.02095046724501242,"upper_bound":0.014749946520125934},"point_estimate":-0.003151298201785835,"standard_error":0.009100074545508562},"median":{"confidence_interval":{"confidence_level":0.95,"lower_bound":-0.013629825634687176,"upper_bound":0.009509342400682463},"point_estimate":-0.004468102605847513,"standard_error":0.005745623047848303}}