{"mean":{"confidence_interval":{"confidence_level":0.95,"lower_bound":3776953.5073461547,"upper_bound":3952062.0695384615},"point_estimate":3859864.7284615366,"standard_error":45004.38723658446},"median":{"confidence_interval":{"confidence_level":0.95,"lower_bound":3654671.4615384615,"upper_bound":3770358.3076923075},"point_estimate":3710447.230769231,"standard_error":31334.349303296724},"median_abs_dev":{"confidence_interval":{"confidence_level":0.95,"lower_bound":149817.12650175282,"upper_bound":272991.98849957663},"point_estimate":215593.07349553515,"standard_error":32382.8800258459},"slope":null,"std_dev":{"confidence_interval":{"confidence_level":0.95,"lower_bound":322135.66736234375,"upper_bound":569187.1177931774},"point_estimate":452168.60986953415,"standard_error":63452.853795213356}}