{"mean":{"confidence_interval":{"confidence_level":0.95,"lower_bound":9044378.661416663,"upper_bound":9186889.087333333},"point_estimate":9113446.626666663,"standard_error":36434.83655018354},"median":{"confidence_interval":{"confidence_level":0.95,"lower_bound":8975878.083333332,"upper_bound":9107069.916666666},"point_estimate":9031491.916666668,"standard_error":33797.5106538676},"median_abs_dev":{"confidence_interval":{"confidence_level":0.95,"lower_bound":229353.2739281645,"upper_bound":384196.5093791485},"point_estimate":296918.69057864137,"standard_error":39852.02065069637},"slope":null,"std_dev":{"confidence_interval":{"confidence_level":0.95,"lower_bound":290795.96079435956,"upper_bound":433997.9362606853},"point_estimate":365985.47797377955,"standard_error":36557.00487135102}}