{"mean":{"confidence_interval":{"confidence_level":0.95,"lower_bound":-0.3521324048228178,"upper_bound":0.5046403647655646},"point_estimate":-0.01951324854725278,"standard_error":0.22016581393781437},"median":{"confidence_interval":{"confidence_level":0.95,"lower_bound":-0.7642705095400874,"upper_bound":-0.4187314024902541},"point_estimate":-0.6939773346807596,"standard_error":0.09293017847116872}}