{"mean":{"confidence_interval":{"confidence_level":0.95,"lower_bound":-0.7441794546849289,"upper_bound":-0.6456710718523093},"point_estimate":-0.7007823552512756,"standard_error":0.025202902951745938},"median":{"confidence_interval":{"confidence_level":0.95,"lower_bound":-0.7731762570159382,"upper_bound":-0.71888022202682},"point_estimate":-0.7579690215528189,"standard_error":0.013314717892908723}}