{"mean":{"confidence_interval":{"confidence_level":0.95,"lower_bound":-0.007728759749121783,"upper_bound":0.022833180995238015},"point_estimate":0.007558637855489048,"standard_error":0.007773051338418054},"median":{"confidence_interval":{"confidence_level":0.95,"lower_bound":-0.004586416572605834,"upper_bound":0.006100006540070746},"point_estimate":0.0004498129623542457,"standard_error":0.0026545780657957056}}