{"mean":{"confidence_interval":{"confidence_level":0.95,"lower_bound":-0.005315171690986642,"upper_bound":0.04133035900021201},"point_estimate":0.01605547519689643,"standard_error":0.011932967831065523},"median":{"confidence_interval":{"confidence_level":0.95,"lower_bound":-0.0009062271165473662,"upper_bound":0.015701338424158006},"point_estimate":0.005665162023121839,"standard_error":0.004203331488340609}}