{"mean":{"confidence_interval":{"confidence_level":0.95,"lower_bound":331224.475751405,"upper_bound":338132.8812790769},"point_estimate":334657.4326545643,"standard_error":1760.79652362913},"median":{"confidence_interval":{"confidence_level":0.95,"lower_bound":330627.76767676766,"upper_bound":335587.7756589147},"point_estimate":332577.4166666667,"standard_error":1184.4928152549542},"median_abs_dev":{"confidence_interval":{"confidence_level":0.95,"lower_bound":9573.373051330344,"upper_bound":18937.37346746645},"point_estimate":14157.07776563251,"standard_error":2319.3243749453304},"slope":{"confidence_interval":{"confidence_level":0.95,"lower_bound":332987.00352892664,"upper_bound":340586.2026712766},"point_estimate":336786.84465592826,"standard_error":1931.1359879689617},"std_dev":{"confidence_interval":{"confidence_level":0.95,"lower_bound":14632.56739609575,"upper_bound":20463.003102013816},"point_estimate":17602.055360802337,"standard_error":1498.313876547521}}