{"mean":{"confidence_interval":{"confidence_level":0.95,"lower_bound":3194976.778609375,"upper_bound":3666380.14353125},"point_estimate":3422159.13875,"standard_error":120402.0573191978},"median":{"confidence_interval":{"confidence_level":0.95,"lower_bound":2776061.46875,"upper_bound":3480944.1875},"point_estimate":3013006.21875,"standard_error":201811.29884106963},"median_abs_dev":{"confidence_interval":{"confidence_level":0.95,"lower_bound":658509.7510591149,"upper_bound":1340929.1139062494},"point_estimate":943522.3607741296,"standard_error":180132.51912371084},"slope":null,"std_dev":{"confidence_interval":{"confidence_level":0.95,"lower_bound":950928.1021823992,"upper_bound":1440081.7341726073},"point_estimate":1207596.6939346443,"standard_error":125440.79968241796}}