{"mean":{"confidence_interval":{"confidence_level":0.95,"lower_bound":5175510.004899999,"upper_bound":7263063.926999997},"point_estimate":6082789.923999999,"standard_error":538736.7977389647},"median":{"confidence_interval":{"confidence_level":0.95,"lower_bound":4642100.3,"upper_bound":4799646.6},"point_estimate":4713584.7,"standard_error":39212.48291078443},"median_abs_dev":{"confidence_interval":{"confidence_level":0.95,"lower_bound":196830.86206555448,"upper_bound":401050.92826992326},"point_estimate":267718.6369970441,"standard_error":53894.50557738757},"slope":null,"std_dev":{"confidence_interval":{"confidence_level":0.95,"lower_bound":1854040.2233589566,"upper_bound":7984510.575357494},"point_estimate":5426932.582850843,"standard_error":1574880.068153824}}