{"mean":{"confidence_interval":{"confidence_level":0.95,"lower_bound":5945799.841458331,"upper_bound":10632019.927749995},"point_estimate":8057756.143333329,"standard_error":1205488.2948987128},"median":{"confidence_interval":{"confidence_level":0.95,"lower_bound":4519256.0,"upper_bound":4658033.25},"point_estimate":4563590.083333333,"standard_error":43744.57295925026},"median_abs_dev":{"confidence_interval":{"confidence_level":0.95,"lower_bound":159264.47212249017,"upper_bound":301300.88545083976},"point_estimate":209529.55323010683,"standard_error":40172.42036145882},"slope":null,"std_dev":{"confidence_interval":{"confidence_level":0.95,"lower_bound":6331759.813107194,"upper_bound":16568368.547980849},"point_estimate":12133892.807196258,"standard_error":2602675.044058449}}