{"mean":{"confidence_interval":{"confidence_level":0.95,"lower_bound":-0.10001058878590754,"upper_bound":0.002702010660824068},"point_estimate":-0.04920340200863638,"standard_error":0.025961108403285305},"median":{"confidence_interval":{"confidence_level":0.95,"lower_bound":-0.10553473912517963,"upper_bound":0.008411318392630207},"point_estimate":-0.04214546130138752,"standard_error":0.030646060513157967}}