{"mean":{"confidence_interval":{"confidence_level":0.95,"lower_bound":-0.03997041364417751,"upper_bound":0.07701122497776607},"point_estimate":0.018268163183962738,"standard_error":0.02996163935877172},"median":{"confidence_interval":{"confidence_level":0.95,"lower_bound":-0.051252361229407906,"upper_bound":0.07436102705020997},"point_estimate":0.013281893947311607,"standard_error":0.029806539015467603}}