{"mean":{"confidence_interval":{"confidence_level":0.95,"lower_bound":-0.03350483683511604,"upper_bound":0.003898703872544328},"point_estimate":-0.015240455035123945,"standard_error":0.009475400198759209},"median":{"confidence_interval":{"confidence_level":0.95,"lower_bound":-0.08242621325124011,"upper_bound":0.007599961271180344},"point_estimate":-0.00586331286563091,"standard_error":0.021691109199017403}}