{"mean":{"confidence_interval":{"confidence_level":0.95,"lower_bound":0.003135033195633176,"upper_bound":0.03489281680778209},"point_estimate":0.018335836120373372,"standard_error":0.008110372512616803},"median":{"confidence_interval":{"confidence_level":0.95,"lower_bound":-0.007310130601304143,"upper_bound":0.008326824215655781},"point_estimate":-0.0007556359256714051,"standard_error":0.004069997165500021}}