{"mean":{"confidence_interval":{"confidence_level":0.95,"lower_bound":2566136.7195119057,"upper_bound":2670352.822380952},"point_estimate":2609641.01,"standard_error":27275.02906460749},"median":{"confidence_interval":{"confidence_level":0.95,"lower_bound":2538540.0,"upper_bound":2581174.5714285714},"point_estimate":2563459.0476190476,"standard_error":12324.564551491207},"median_abs_dev":{"confidence_interval":{"confidence_level":0.95,"lower_bound":50566.26070226945,"upper_bound":81067.78996075907},"point_estimate":67867.24929511535,"standard_error":8032.602946840522},"slope":null,"std_dev":{"confidence_interval":{"confidence_level":0.95,"lower_bound":71141.61176240393,"upper_bound":436852.7308724597},"point_estimate":274935.31884776114,"standard_error":101437.24016490874}}