{"mean":{"confidence_interval":{"confidence_level":0.95,"lower_bound":2388685.3525681826,"upper_bound":2461352.410670456},"point_estimate":2421859.5290909107,"standard_error":18639.540413096016},"median":{"confidence_interval":{"confidence_level":0.95,"lower_bound":2374005.227272727,"upper_bound":2393201.227272727},"point_estimate":2379949.9318181816,"standard_error":5702.175313656962},"median_abs_dev":{"confidence_interval":{"confidence_level":0.95,"lower_bound":45068.91638623033,"upper_bound":77900.99171698093},"point_estimate":64610.66229384013,"standard_error":8226.085740699129},"slope":null,"std_dev":{"confidence_interval":{"confidence_level":0.95,"lower_bound":110282.1449361189,"upper_bound":249181.7304699431},"point_estimate":186553.18116029783,"standard_error":35457.03418175707}}