{"mean":{"confidence_interval":{"confidence_level":0.95,"lower_bound":2388585.5873928578,"upper_bound":2437928.172988096},"point_estimate":2412041.773809524,"standard_error":12609.225139476059},"median":{"confidence_interval":{"confidence_level":0.95,"lower_bound":2354329.5714285714,"upper_bound":2399125.0},"point_estimate":2376927.261904762,"standard_error":9332.143870722064},"median_abs_dev":{"confidence_interval":{"confidence_level":0.95,"lower_bound":55284.38801850549,"upper_bound":95141.61731089914},"point_estimate":75344.88346236137,"standard_error":10666.226640619549},"slope":null,"std_dev":{"confidence_interval":{"confidence_level":0.95,"lower_bound":94228.99461746051,"upper_bound":154372.89027876654},"point_estimate":126743.96120192624,"standard_error":15393.211443079063}}