{"mean":{"confidence_interval":{"confidence_level":0.95,"lower_bound":-0.375439725286786,"upper_bound":-0.04189799953135759},"point_estimate":-0.19560033234554397,"standard_error":0.09727032819942254},"median":{"confidence_interval":{"confidence_level":0.95,"lower_bound":-0.0608652562780302,"upper_bound":-0.030973985486245748},"point_estimate":-0.04817015946033176,"standard_error":0.007527042814492303}}