{"mean":{"confidence_interval":{"confidence_level":0.95,"lower_bound":-0.24446338540438325,"upper_bound":0.17860389196562398},"point_estimate":-0.02444457404549194,"standard_error":0.1151446052667263},"median":{"confidence_interval":{"confidence_level":0.95,"lower_bound":0.06221686099821325,"upper_bound":0.09436557483285024},"point_estimate":0.07965252587769256,"standard_error":0.008053885647765338}}