{"mean":{"confidence_interval":{"confidence_level":0.95,"lower_bound":1315924.720023643,"upper_bound":1358224.194055673},"point_estimate":1333944.3091525442,"standard_error":10911.429275963017},"median":{"confidence_interval":{"confidence_level":0.95,"lower_bound":1322691.337179487,"upper_bound":1340205.202247191},"point_estimate":1330975.8170963365,"standard_error":4216.039717016709},"median_abs_dev":{"confidence_interval":{"confidence_level":0.95,"lower_bound":29585.731942811482,"upper_bound":51051.63162057536},"point_estimate":41750.570596750666,"standard_error":5490.626120392901},"slope":{"confidence_interval":{"confidence_level":0.95,"lower_bound":1306092.9353504046,"upper_bound":1361625.875137101},"point_estimate":1328808.3472351115,"standard_error":14423.064744731104},"std_dev":{"confidence_interval":{"confidence_level":0.95,"lower_bound":45923.167817450856,"upper_bound":173723.32968248203},"point_estimate":109502.99612163131,"standard_error":39916.11458981624}}