{"mean":{"confidence_interval":{"confidence_level":0.95,"lower_bound":-0.06446059152263814,"upper_bound":-0.003868253196208133},"point_estimate":-0.03299506158380927,"standard_error":0.015436125726219517},"median":{"confidence_interval":{"confidence_level":0.95,"lower_bound":-0.024883240394481254,"upper_bound":-0.0009660039862050912},"point_estimate":-0.014320399748785073,"standard_error":0.006226636411863159}}