{"mean":{"confidence_interval":{"confidence_level":0.95,"lower_bound":0.19786567397671556,"upper_bound":3.536732440083456},"point_estimate":1.5240576070179142,"standard_error":0.875699274320591},"median":{"confidence_interval":{"confidence_level":0.95,"lower_bound":-0.015746483844284297,"upper_bound":0.02228897772339809},"point_estimate":0.0031575166628976525,"standard_error":0.009782006173724687}}