{"mean":{"confidence_interval":{"confidence_level":0.95,"lower_bound":2505044.709702382,"upper_bound":2703844.729821429},"point_estimate":2598719.02,"standard_error":50995.11925889284},"median":{"confidence_interval":{"confidence_level":0.95,"lower_bound":2497922.6666666665,"upper_bound":2629883.904761905},"point_estimate":2572612.5,"standard_error":36038.1049891506},"median_abs_dev":{"confidence_interval":{"confidence_level":0.95,"lower_bound":186804.10992606386,"upper_bound":511162.3310400538},"point_estimate":424147.84846987034,"standard_error":86362.76977418308},"slope":null,"std_dev":{"confidence_interval":{"confidence_level":0.95,"lower_bound":347484.71514220635,"upper_bound":678788.4151986063},"point_estimate":508371.9154484147,"standard_error":88243.55189876404}}