{"mean":{"confidence_interval":{"confidence_level":0.95,"lower_bound":77752395.09625,"upper_bound":155917068.29499996},"point_estimate":113441236.48,"standard_error":20143191.648845334},"median":{"confidence_interval":{"confidence_level":0.95,"lower_bound":25158669.0,"upper_bound":34281077.0},"point_estimate":25858571.25,"standard_error":2985396.3501529703},"median_abs_dev":{"confidence_interval":{"confidence_level":0.95,"lower_bound":1483790.5014574528,"upper_bound":15462007.326744497},"point_estimate":2674245.6329226494,"standard_error":4451328.607828042},"slope":null,"std_dev":{"confidence_interval":{"confidence_level":0.95,"lower_bound":115038013.88376199,"upper_bound":273286970.42507094},"point_estimate":201782701.48103392,"standard_error":40512831.24715655}}