{"mean":{"confidence_interval":{"confidence_level":0.95,"lower_bound":0.01670940947108481,"upper_bound":0.034016635108410444},"point_estimate":0.025365812006377775,"standard_error":0.004432444758434715},"median":{"confidence_interval":{"confidence_level":0.95,"lower_bound":0.016017607928780066,"upper_bound":0.026526859421078575},"point_estimate":0.01973117789066081,"standard_error":0.0027382768702703805}}