{"mean":{"confidence_interval":{"confidence_level":0.95,"lower_bound":-0.013506348288793909,"upper_bound":0.009386270823236176},"point_estimate":-0.0019254963657007185,"standard_error":0.005857329823818137},"median":{"confidence_interval":{"confidence_level":0.95,"lower_bound":-0.003617032218881655,"upper_bound":0.016060845144486358},"point_estimate":0.008013793162277238,"standard_error":0.004702245142295948}}