{"mean":{"confidence_interval":{"confidence_level":0.95,"lower_bound":0.026725863797677392,"upper_bound":0.08240505305764054},"point_estimate":0.054663151023388146,"standard_error":0.014260682327386457},"median":{"confidence_interval":{"confidence_level":0.95,"lower_bound":0.06257708103679827,"upper_bound":0.15855754411857204},"point_estimate":0.1312072009441143,"standard_error":0.02563285024005177}}