{"mean":{"confidence_interval":{"confidence_level":0.95,"lower_bound":-0.01299586342667152,"upper_bound":0.03780607193912084},"point_estimate":0.012887580996349124,"standard_error":0.013012711836132014},"median":{"confidence_interval":{"confidence_level":0.95,"lower_bound":0.040918016836325455,"upper_bound":0.09999212147189196},"point_estimate":0.07126844025115342,"standard_error":0.014308041614088949}}