{"mean":{"confidence_interval":{"confidence_level":0.95,"lower_bound":603096.7678004259,"upper_bound":626009.2307485194},"point_estimate":612582.5351996634,"standard_error":5938.726312445929},"median":{"confidence_interval":{"confidence_level":0.95,"lower_bound":603367.6569767442,"upper_bound":611508.1111111111},"point_estimate":607397.2045272435,"standard_error":1943.275428569707},"median_abs_dev":{"confidence_interval":{"confidence_level":0.95,"lower_bound":13622.93884085231,"upper_bound":21731.472512274464},"point_estimate":17606.126511399365,"standard_error":2046.9524936916268},"slope":{"confidence_interval":{"confidence_level":0.95,"lower_bound":603595.313540528,"upper_bound":617613.6505934811},"point_estimate":610181.9087158268,"standard_error":3561.760409874678},"std_dev":{"confidence_interval":{"confidence_level":0.95,"lower_bound":23444.426925416625,"upper_bound":95587.1146522852},"point_estimate":59878.302751342424,"standard_error":22952.149106875542}}