{"mean":{"confidence_interval":{"confidence_level":0.95,"lower_bound":1984050.0536249992,"upper_bound":2029446.7787596143},"point_estimate":2004231.1011538461,"standard_error":11654.142171135867},"median":{"confidence_interval":{"confidence_level":0.95,"lower_bound":1979827.576923077,"upper_bound":1993432.4615384615},"point_estimate":1987526.173076923,"standard_error":3616.0893995107795},"median_abs_dev":{"confidence_interval":{"confidence_level":0.95,"lower_bound":25945.955723982497,"upper_bound":50219.652723807645},"point_estimate":38783.7888960654,"standard_error":6402.5985625790545},"slope":null,"std_dev":{"confidence_interval":{"confidence_level":0.95,"lower_bound":62480.86186259957,"upper_bound":174061.67115852577},"point_estimate":117300.93155199918,"standard_error":32776.874016459326}}