{"mean":{"confidence_interval":{"confidence_level":0.95,"lower_bound":-0.05509344208438955,"upper_bound":0.20359847281566948},"point_estimate":0.06891715333829707,"standard_error":0.06573775228621216},"median":{"confidence_interval":{"confidence_level":0.95,"lower_bound":0.02835287607699133,"upper_bound":0.11275181271849988},"point_estimate":0.045047032600727954,"standard_error":0.019454226906816537}}