{"mean":{"confidence_interval":{"confidence_level":0.95,"lower_bound":-0.11644252743772268,"upper_bound":0.16094708104701924},"point_estimate":0.013881902856888173,"standard_error":0.07076505977148503},"median":{"confidence_interval":{"confidence_level":0.95,"lower_bound":0.0051973596266677285,"upper_bound":0.041740468178705914},"point_estimate":0.02756359932964214,"standard_error":0.009530292582114606}}