{"mean":{"confidence_interval":{"confidence_level":0.95,"lower_bound":-0.006046621566004902,"upper_bound":0.02611720186423358},"point_estimate":0.009443477497721453,"standard_error":0.0082949152211271},"median":{"confidence_interval":{"confidence_level":0.95,"lower_bound":-0.009555450864544901,"upper_bound":0.01425717513520611},"point_estimate":0.006143035380692385,"standard_error":0.0062329056884791725}}