{"mean":{"confidence_interval":{"confidence_level":0.95,"lower_bound":-0.026986236972743292,"upper_bound":-0.00017607201062533456},"point_estimate":-0.013305845855394294,"standard_error":0.00685935668862656},"median":{"confidence_interval":{"confidence_level":0.95,"lower_bound":-0.023709820327490805,"upper_bound":0.005397462699106459},"point_estimate":-0.011368555623072152,"standard_error":0.007369166288046131}}