{"mean":{"confidence_interval":{"confidence_level":0.95,"lower_bound":1043680670.3355,"upper_bound":1059641743.7535},"point_estimate":1051786317.1,"standard_error":4079528.2669132375},"median":{"confidence_interval":{"confidence_level":0.95,"lower_bound":1054779679.0,"upper_bound":1066779793.0},"point_estimate":1059867006.0,"standard_error":3520345.2800492323},"median_abs_dev":{"confidence_interval":{"confidence_level":0.95,"lower_bound":21577218.126627803,"upper_bound":45425744.57183182},"point_estimate":33845295.54182589,"standard_error":6274868.448458795},"slope":null,"std_dev":{"confidence_interval":{"confidence_level":0.95,"lower_bound":34174293.485409185,"upper_bound":47431096.048506655},"point_estimate":41043989.09283499,"standard_error":3379058.9854286616}}