{"mean":{"confidence_interval":{"confidence_level":0.95,"lower_bound":-0.8651145455283269,"upper_bound":-0.4102385312337929},"point_estimate":-0.7486508430322607,"standard_error":0.1196224439136506},"median":{"confidence_interval":{"confidence_level":0.95,"lower_bound":-0.07476430953250102,"upper_bound":-0.005831732433486114},"point_estimate":-0.0386759872459177,"standard_error":0.01647954902451619}}