{"mean":{"confidence_interval":{"confidence_level":0.95,"lower_bound":-0.17983562732250258,"upper_bound":0.3448043463598051},"point_estimate":0.052734506466556974,"standard_error":0.134187161160408},"median":{"confidence_interval":{"confidence_level":0.95,"lower_bound":0.03120274247264554,"upper_bound":0.06726506208526772},"point_estimate":0.04852157444247074,"standard_error":0.009449211984096761}}