{"mean":{"confidence_interval":{"confidence_level":0.95,"lower_bound":-0.6135599797039393,"upper_bound":-0.5792159805303982},"point_estimate":-0.5964822516547137,"standard_error":0.008737753062248811},"median":{"confidence_interval":{"confidence_level":0.95,"lower_bound":-0.5933325867990609,"upper_bound":-0.5740784014232247},"point_estimate":-0.5800308698645976,"standard_error":0.0050951940781318586}}