{"mean":{"confidence_interval":{"confidence_level":0.95,"lower_bound":0.04966629263269384,"upper_bound":0.10514854195143825},"point_estimate":0.07632626137435428,"standard_error":0.014087147376346637},"median":{"confidence_interval":{"confidence_level":0.95,"lower_bound":0.020450659672546327,"upper_bound":0.08838913654026437},"point_estimate":0.045560344456975876,"standard_error":0.017668939290638605}}