{"mean":{"confidence_interval":{"confidence_level":0.95,"lower_bound":-0.01689202666119158,"upper_bound":0.042781216357985034},"point_estimate":0.011170410377471685,"standard_error":0.015201871947864485},"median":{"confidence_interval":{"confidence_level":0.95,"lower_bound":-0.007218292300263163,"upper_bound":0.11505261536982658},"point_estimate":0.0844547275143086,"standard_error":0.030738273896473024}}