{"mean":{"confidence_interval":{"confidence_level":0.95,"lower_bound":-0.025748360624837333,"upper_bound":-0.0038263489246560143},"point_estimate":-0.014918352443646143,"standard_error":0.005619100751266321},"median":{"confidence_interval":{"confidence_level":0.95,"lower_bound":-0.030459088658697953,"upper_bound":-0.010188592807685803},"point_estimate":-0.021416007427355943,"standard_error":0.005230596429071842}}