{"mean":{"confidence_interval":{"confidence_level":0.95,"lower_bound":-0.025993442232556,"upper_bound":-0.01108144443122811},"point_estimate":-0.01821129286905221,"standard_error":0.0038051136957009232},"median":{"confidence_interval":{"confidence_level":0.95,"lower_bound":-0.022905030543747262,"upper_bound":-0.011097336315478934},"point_estimate":-0.016889827360470733,"standard_error":0.003103408225341348}}