{"mean":{"confidence_interval":{"confidence_level":0.95,"lower_bound":8641421.647714283,"upper_bound":8959047.482285712},"point_estimate":8799124.798571432,"standard_error":80985.79963560723},"median":{"confidence_interval":{"confidence_level":0.95,"lower_bound":8550589.285714285,"upper_bound":9016774.714285715},"point_estimate":8693154.214285715,"standard_error":120874.54499215435},"median_abs_dev":{"confidence_interval":{"confidence_level":0.95,"lower_bound":679650.6206337914,"upper_bound":1151665.9742538417},"point_estimate":909450.4395540273,"standard_error":118705.93726607837},"slope":null,"std_dev":{"confidence_interval":{"confidence_level":0.95,"lower_bound":701199.779904044,"upper_bound":921130.6214392775},"point_estimate":813756.8878643104,"standard_error":56262.7697192363}}