{"mean":{"confidence_interval":{"confidence_level":0.95,"lower_bound":-0.014002264360861487,"upper_bound":0.01519086026360477},"point_estimate":0.0006706891223158262,"standard_error":0.007397500680270578},"median":{"confidence_interval":{"confidence_level":0.95,"lower_bound":-0.008209757423808917,"upper_bound":0.015522069486840762},"point_estimate":0.006887135663339539,"standard_error":0.0059004521192387825}}