{"mean":{"confidence_interval":{"confidence_level":0.95,"lower_bound":-0.029669713122525174,"upper_bound":-0.004344472841445196},"point_estimate":-0.01787349703386254,"standard_error":0.006411378033832351},"median":{"confidence_interval":{"confidence_level":0.95,"lower_bound":-0.03961502797577421,"upper_bound":-0.001712751004881219},"point_estimate":-0.020970725074266117,"standard_error":0.009598901960905083}}