{"mean":{"confidence_interval":{"confidence_level":0.95,"lower_bound":0.008104829920889728,"upper_bound":0.26348631328364},"point_estimate":0.13443489529745722,"standard_error":0.06517500513695847},"median":{"confidence_interval":{"confidence_level":0.95,"lower_bound":0.06288762234807921,"upper_bound":0.1252267965739613},"point_estimate":0.09764050687252235,"standard_error":0.01473500307683251}}