{"mean":{"confidence_interval":{"confidence_level":0.95,"lower_bound":-0.025970707932594473,"upper_bound":0.25549621192389993},"point_estimate":0.10853029145050042,"standard_error":0.07194200213068713},"median":{"confidence_interval":{"confidence_level":0.95,"lower_bound":0.002621277923005917,"upper_bound":0.5074184150451826},"point_estimate":0.08798325403582075,"standard_error":0.132516464325101}}