{"mean":{"confidence_interval":{"confidence_level":0.95,"lower_bound":29397218.892125,"upper_bound":42711021.11225},"point_estimate":35421668.775,"standard_error":3410523.1959756687},"median":{"confidence_interval":{"confidence_level":0.95,"lower_bound":23269577.0,"upper_bound":23520798.5},"point_estimate":23347519.0,"standard_error":72871.95187101669},"median_abs_dev":{"confidence_interval":{"confidence_level":0.95,"lower_bound":392549.47763085365,"upper_bound":782992.9219990969},"point_estimate":512728.2901972532,"standard_error":103851.14499087552},"slope":null,"std_dev":{"confidence_interval":{"confidence_level":0.95,"lower_bound":19120489.127088066,"upper_bound":48458802.91204958},"point_estimate":34199401.058679625,"standard_error":7815203.035673416}}