{"mean":{"confidence_interval":{"confidence_level":0.95,"lower_bound":5263067.89315625,"upper_bound":5711072.093843751},"point_estimate":5475388.8475,"standard_error":114295.69285284587},"median":{"confidence_interval":{"confidence_level":0.95,"lower_bound":4961026.375,"upper_bound":5314925.875},"point_estimate":5091641.75,"standard_error":79470.47442362661},"median_abs_dev":{"confidence_interval":{"confidence_level":0.95,"lower_bound":492161.18383395486,"upper_bound":860892.0604661107},"point_estimate":615740.0776684284,"standard_error":89755.50820910395},"slope":null,"std_dev":{"confidence_interval":{"confidence_level":0.95,"lower_bound":819124.1007566367,"upper_bound":1452773.9353780944},"point_estimate":1150143.723640695,"standard_error":162684.95900433586}}