{"mean":{"confidence_interval":{"confidence_level":0.95,"lower_bound":-0.06797242856782171,"upper_bound":0.06084702750730523},"point_estimate":-0.007081257513378514,"standard_error":0.032864085272070624},"median":{"confidence_interval":{"confidence_level":0.95,"lower_bound":-0.04635099762933914,"upper_bound":0.14517701105302452},"point_estimate":0.042269781279675955,"standard_error":0.04903083421719582}}