{"mean":{"confidence_interval":{"confidence_level":0.95,"lower_bound":-0.15487579595624362,"upper_bound":-0.03741825597854509},"point_estimate":-0.09739029800617227,"standard_error":0.029909491165233906},"median":{"confidence_interval":{"confidence_level":0.95,"lower_bound":-0.18261996122412893,"upper_bound":0.01730696425589917},"point_estimate":-0.09658508013042255,"standard_error":0.052254347622143635}}